enog	sc_count	mc_count	%sc	%present	av.count_if_present
ENOG4108R70	1646	26	0.980929678188	0.99642431466	1.01614832536
ENOG4105CKE	1643	28	0.979141835518	0.995828367104	1.01735487732
ENOG4105K4C	1642	25	0.978545887962	0.993444576877	1.01559688062
ENOG4108UJY	1641	26	0.977949940405	0.993444576877	1.01619676065
ENOG4105CE9	1641	29	0.977949940405	0.995232419547	1.01916167665
ENOG4108YZX	1640	26	0.977353992849	0.992848629321	1.0156062425
ENOG4108RA9	1640	26	0.977353992849	0.992848629321	1.01620648259
ENOG4108VCV	1640	29	0.977353992849	0.99463647199	1.01797483523
ENOG4105CFD	1639	31	0.976758045292	0.995232419547	1.01916167665
ENOG4108UNN	1637	30	0.975566150179	0.993444576877	1.01859628074
ENOG4106U5A	1636	30	0.974970202622	0.992848629321	1.01860744298
ENOG4105C8K	1636	30	0.974970202622	0.992848629321	1.01980792317
ENOG4108R5J	1636	32	0.974970202622	0.994040524434	1.01978417266
ENOG4105CHV	1635	30	0.974374255066	0.992252681764	1.01801801802
ENOG4108UM5	1635	30	0.974374255066	0.992252681764	1.01861861862
ENOG4108UHH	1635	27	0.974374255066	0.990464839094	1.01684717208
ENOG4105D1X	1634	31	0.973778307509	0.992252681764	1.01921921922
ENOG4105CW6	1634	30	0.973778307509	0.991656734207	1.01862980769
ENOG4105CSS	1633	35	0.973182359952	0.994040524434	1.02158273381
ENOG4108YY1	1633	26	0.973182359952	0.988676996424	1.01627486438
ENOG4105CU7	1633	37	0.973182359952	0.995232419547	1.02275449102
ENOG4108UKE	1632	29	0.972586412396	0.989868891538	1.01806140879
ENOG4105DKZ	1632	30	0.972586412396	0.990464839094	1.01865222623
ENOG4105K46	1632	29	0.972586412396	0.989868891538	1.01806140879
ENOG4105EEE	1632	32	0.972586412396	0.991656734207	1.01983173077
ENOG4108UIK	1627	31	0.969606674613	0.988081048868	1.01990349819
ENOG4108UH4	1627	36	0.969606674613	0.991060786651	1.02224894768
ENOG4108Z04	1626	26	0.969010727056	0.984505363528	1.01634382567
ENOG4105C9R	1626	39	0.969010727056	0.992252681764	1.02402402402
ENOG4105K77	1626	29	0.969010727056	0.986293206198	1.01812688822
ENOG4108UJD	1626	34	0.969010727056	0.989272943981	1.02168674699
ENOG4105K7S	1625	28	0.968414779499	0.985101311085	1.01754385965
ENOG4105CGJ	1625	41	0.968414779499	0.992848629321	1.02641056423
ENOG4105CPM	1623	43	0.967222884386	0.992848629321	1.02761104442
ENOG4105C64	1623	33	0.967222884386	0.986889153754	1.02053140097
ENOG4108Z10	1622	32	0.96662693683	0.985697258641	1.02055622733
ENOG4105CGG	1621	41	0.966030989273	0.990464839094	1.02527075812
ENOG4105D6X	1620	33	0.965435041716	0.985101311085	1.02056866304
ENOG4108UHY	1619	30	0.96483909416	0.982717520858	1.01879927229
ENOG4105C4S	1616	44	0.96305125149	0.989272943981	1.02831325301
ENOG4105CAE	1613	37	0.96126340882	0.983313468415	1.02242424242
ENOG4105CB9	1612	38	0.960667461263	0.983313468415	1.02484848485
ENOG4105C3G	1609	47	0.958879618594	0.986889153754	1.02958937198
ENOG4105BZA	1607	49	0.95768772348	0.986889153754	1.03019323671
ENOG4105C8T	1607	56	0.95768772348	0.991060786651	1.03607937462
ENOG4105CA4	1607	61	0.95768772348	0.994040524434	1.04316546763
ENOG4105K87	1604	29	0.95589988081	0.973182359952	1.01837109614
ENOG4108ZPD	1603	57	0.955303933254	0.989272943981	1.03674698795
ENOG4105CGR	1602	65	0.954707985697	0.993444576877	1.0449910018
ENOG4105CTF	1601	63	0.954112038141	0.991656734207	1.04146634615
ENOG4105CIM	1599	61	0.952920143027	0.989272943981	1.03915662651
ENOG4108UZ0	1598	25	0.952324195471	0.967222884386	1.01601971657
ENOG4105C41	1598	36	0.952324195471	0.973778307509	1.02325581395
ENOG4108UHA	1597	32	0.951728247914	0.970798569726	1.02025782689
ENOG4105D0T	1594	38	0.949940405244	0.972586412396	1.02389705882
ENOG4105G6W	1593	74	0.949344457688	0.993444576877	1.04679064187
ENOG4105C34	1593	56	0.949344457688	0.982717520858	1.03517283202
ENOG4105CKJ	1592	42	0.948748510131	0.973778307509	1.02753977968
ENOG4105CKH	1590	75	0.947556615018	0.992252681764	1.04864864865
ENOG4105C07	1590	71	0.947556615018	0.989868891538	1.04455147502
ENOG4108UUX	1589	48	0.946960667461	0.975566150179	1.03115455101
ENOG4105CCW	1588	43	0.946364719905	0.971990464839	1.02881667689
ENOG4105C9M	1585	68	0.944576877235	0.985101311085	1.04416212946
ENOG4105C9G	1582	72	0.942789034565	0.985697258641	1.05018137848
ENOG4105EQY	1579	33	0.941001191895	0.960667461263	1.02109181141
ENOG4105F3K	1577	27	0.939809296782	0.95589988081	1.0174563591
ENOG4105E5V	1576	37	0.939213349225	0.96126340882	1.02603843769
ENOG4108ZEF	1571	39	0.936233611442	0.95947556615	1.02546583851
ENOG4105CG1	1571	31	0.936233611442	0.954707985697	1.01997503121
ENOG4105CWT	1564	33	0.932061978546	0.951728247914	1.02191609267
ENOG4105C2N	1563	34	0.931466030989	0.951728247914	1.02191609267
ENOG4105C77	1559	91	0.929082240763	0.983313468415	1.06363636364
ENOG4105CII	1556	68	0.927294398093	0.967818831943	1.04618226601
ENOG4108UH2	1556	43	0.927294398093	0.952920143027	1.02751719825
ENOG4105DA0	1554	112	0.92610250298	0.992848629321	1.07262905162
ENOG4105KA4	1550	37	0.923718712753	0.945768772348	1.02457466919
ENOG4105CU0	1550	40	0.923718712753	0.947556615018	1.02641509434
ENOG4105CC8	1549	107	0.923122765197	0.986889153754	1.06944444444
ENOG4105C8D	1549	37	0.923122765197	0.945172824791	1.02332912989
ENOG4105CPY	1546	50	0.921334922527	0.951132300358	1.03446115288
ENOG4105DTN	1544	40	0.920143027414	0.943980929678	1.02588383838
ENOG4105VH8	1543	73	0.919547079857	0.96305125149	1.04826732673
ENOG4105K9U	1543	108	0.919547079857	0.983909415971	1.07328891581
ENOG4105CCJ	1542	94	0.9189511323	0.974970202622	1.07151589242
ENOG4105DVQ	1542	54	0.9189511323	0.951132300358	1.04072681704
ENOG4105K5M	1539	24	0.917163289631	0.931466030989	1.01599488164
ENOG4105C22	1535	126	0.914779499404	0.989868891538	1.08187838651
ENOG4105C62	1534	34	0.914183551847	0.934445768772	1.02423469388
ENOG4105DMZ	1533	44	0.913587604291	0.939809296782	1.02980342422
ENOG4108ZBM	1531	41	0.912395709178	0.936829558999	1.0286259542
ENOG4105CP7	1530	104	0.911799761621	0.973778307509	1.06915544676
ENOG4105C6A	1528	39	0.910607866508	0.933849821216	1.02488832163
ENOG4105DRH	1528	82	0.910607866508	0.95947556615	1.05527950311
ENOG4105KAP	1526	24	0.909415971395	0.923718712753	1.01612903226
ENOG4105CB5	1522	34	0.907032181168	0.927294398093	1.02313624679
ENOG4105C2M	1521	127	0.906436233611	0.982121573302	1.08009708738
ENOG4105C70	1519	125	0.905244338498	0.979737783075	1.08211678832
ENOG4105C4F	1514	37	0.902264600715	0.92431466031	1.0251450677
ENOG4105CM0	1513	83	0.901668653159	0.951132300358	1.05513784461
ENOG4108V82	1511	37	0.900476758045	0.92252681764	1.02454780362
ENOG4105DI7	1509	124	0.899284862932	0.973182359952	1.09124311084
ENOG4108JA2	1508	41	0.898688915375	0.923122765197	1.02969657844
ENOG4105K9Q	1504	25	0.896305125149	0.911203814064	1.01765860039
ENOG4105D27	1501	100	0.894517282479	0.954112038141	1.06745783885
ENOG4105CI3	1500	39	0.893921334923	0.917163289631	1.02794022092
ENOG4105CSA	1500	34	0.893921334923	0.914183551847	1.02346805737
ENOG4105DKX	1500	124	0.893921334923	0.967818831943	1.07881773399
ENOG4105DNJ	1499	32	0.893325387366	0.912395709178	1.02155453952
ENOG4105CDY	1498	130	0.892729439809	0.970202622169	1.08415233415
ENOG4105CI6	1497	171	0.892133492253	0.994040524434	1.11091127098
ENOG4105CPH	1494	140	0.890345649583	0.973778307509	1.09669522644
ENOG4105DJV	1494	135	0.890345649583	0.970798569726	1.0963781461
ENOG4105C91	1491	88	0.888557806913	0.941001191895	1.05826472451
ENOG4105CFG	1490	174	0.887961859356	0.991656734207	1.12560096154
ENOG4106H78	1490	34	0.887961859356	0.908224076281	1.02296587927
ENOG4105CAT	1490	32	0.887961859356	0.907032181168	1.0223390276
ENOG4105J80	1489	77	0.8873659118	0.933253873659	1.05172413793
ENOG4105C12	1488	51	0.886769964243	0.917163289631	1.03573749188
ENOG4107EEN	1487	123	0.886174016687	0.95947556615	1.0900621118
ENOG4105C31	1483	176	0.88379022646	0.988676996424	1.1091018686
ENOG4105C4J	1483	82	0.88379022646	0.932657926103	1.05303514377
ENOG4108UM6	1483	44	0.88379022646	0.910011918951	1.02946954813
ENOG4105DZP	1479	53	0.881406436234	0.912991656734	1.03720626632
ENOG4105CSM	1478	75	0.880810488677	0.925506555423	1.05151320026
ENOG4105C73	1478	76	0.880810488677	0.92610250298	1.05341055341
ENOG4105KBC	1477	31	0.88021454112	0.898688915375	1.02122015915
ENOG4105CJS	1475	48	0.879022646007	0.907628128725	1.03414313854
ENOG4105CI4	1474	117	0.878426698451	0.948152562574	1.08359522313
ENOG4105CHN	1473	108	0.877830750894	0.942193087008	1.07463630614
ENOG4105CN0	1471	164	0.876638855781	0.974374255066	1.1119266055
ENOG4105KAR	1470	24	0.876042908224	0.890345649583	1.01673360107
ENOG4105CCP	1469	24	0.875446960667	0.889749702026	1.01607501674
ENOG4105D10	1469	52	0.875446960667	0.906436233611	1.03616042078
ENOG4105CXT	1464	63	0.872467222884	0.910011918951	1.04387688278
ENOG4105C79	1463	80	0.871871275328	0.919547079857	1.0583279326
ENOG4105CSF	1462	97	0.871275327771	0.929082240763	1.06478511867
ENOG4105C8N	1460	201	0.870083432658	0.989868891538	1.134256472
ENOG4105BZ5	1458	207	0.868891537545	0.992252681764	1.14354354354
ENOG4105CDU	1456	211	0.867699642431	0.993444576877	1.17576484703
ENOG4105CZ8	1454	95	0.866507747318	0.923122765197	1.06843124597
ENOG4108ZQD	1453	32	0.865911799762	0.884982121573	1.0228956229
ENOG4108ZT0	1451	28	0.864719904648	0.881406436234	1.01960784314
ENOG4105C6U	1450	65	0.864123957092	0.902860548272	1.04422442244
ENOG4108Z6B	1447	33	0.862336114422	0.88200238379	1.025
ENOG4105C68	1443	59	0.859952324195	0.895113230036	1.04593874834
ENOG4105DFA	1439	78	0.857568533969	0.904052443385	1.05339485827
ENOG4105CDG	1435	128	0.855184743743	0.931466030989	1.08573256558
ENOG4105C46	1435	122	0.855184743743	0.92789034565	1.09826589595
ENOG4105DPM	1434	166	0.854588796186	0.953516090584	1.11625
ENOG4105DVS	1428	52	0.851013110846	0.88200238379	1.04054054054
ENOG4105D1H	1424	105	0.84862932062	0.911203814064	1.07586657946
ENOG4105C55	1424	90	0.84862932062	0.902264600715	1.06472919419
ENOG4105DC1	1423	34	0.848033373063	0.868295589988	1.02333562114
ENOG4105CEH	1418	111	0.84505363528	0.911203814064	1.08240680183
ENOG4105F8V	1418	244	0.84505363528	0.990464839094	1.15162454874
ENOG4105C1H	1417	35	0.844457687723	0.865315852205	1.02548209366
ENOG4105CR3	1415	204	0.84326579261	0.96483909416	1.14823965411
ENOG4108V3E	1415	37	0.84326579261	0.865315852205	1.02548209366
ENOG4105C5T	1403	248	0.836114421931	0.983909415971	1.16050878256
ENOG4105CPF	1396	196	0.831942789035	0.948748510131	1.13881909548
ENOG4105C1M	1394	109	0.830750893921	0.895709177592	1.07850964737
ENOG4105DEA	1392	43	0.829558998808	0.855184743743	1.03275261324
ENOG4105CAV	1389	219	0.827771156138	0.958283671037	1.14179104478
ENOG4105D49	1386	104	0.825983313468	0.887961859356	1.07583892617
ENOG4105CXB	1381	38	0.823003575685	0.845649582837	1.02889358703
ENOG4105CDK	1381	93	0.823003575685	0.878426698451	1.07123473541
ENOG4105C20	1379	287	0.821811680572	0.992848629321	1.18607442977
ENOG4105CJF	1377	100	0.820619785459	0.88021454112	1.09410968179
ENOG4105C65	1376	216	0.820023837902	0.948748510131	1.18467336683
ENOG4105C9A	1374	57	0.818831942789	0.852800953516	1.04192872117
ENOG4105C25	1372	41	0.817640047676	0.842073897497	1.03113941967
ENOG4105EEI	1372	65	0.817640047676	0.856376638856	1.04940848991
ENOG4105DHW	1369	94	0.815852205006	0.871871275328	1.06835269993
ENOG4105CBA	1366	37	0.814064362336	0.836114421931	1.02708481825
ENOG4105C1N	1358	91	0.809296781883	0.863528009535	1.06832298137
ENOG4105FA0	1349	65	0.803933253874	0.842669845054	1.05445544554
ENOG4105CP4	1347	186	0.80274135876	0.913587604291	1.12654924984
ENOG4105KK9	1347	26	0.80274135876	0.818235995232	1.01893663511
ENOG4105C3M	1344	276	0.800953516091	0.965435041716	1.21111111111
ENOG4105CDH	1342	55	0.799761620977	0.832538736591	1.04223335719
ENOG4107QJF	1341	52	0.799165673421	0.830154946365	1.04594400574
ENOG4108VZM	1341	22	0.799165673421	0.812276519666	1.01687454145
ENOG4105K5Y	1338	130	0.797377830751	0.874851013111	1.1219346049
ENOG4105D86	1338	49	0.797377830751	0.826579261025	1.03893294881
ENOG4105CU6	1337	177	0.796781883194	0.902264600715	1.12945838838
ENOG4105II7	1336	102	0.796185935638	0.856972586412	1.08553546592
ENOG4105FE9	1334	276	0.794994040524	0.95947556615	1.18074534161
ENOG4105F03	1334	68	0.794994040524	0.835518474374	1.05278174037
ENOG4105C3X	1333	30	0.794398092968	0.812276519666	1.02347762289
ENOG4105KNE	1332	52	0.793802145411	0.824791418355	1.0411849711
ENOG4108UTT	1330	24	0.792610250298	0.806912991657	1.01846381093
ENOG4105BZQ	1327	34	0.790822407628	0.811084624553	1.02571638501
ENOG4105C4E	1325	50	0.789630512515	0.819427890346	1.03709090909
ENOG4105CRK	1325	107	0.789630512515	0.853396901073	1.07960893855
ENOG4105CAJ	1320	24	0.786650774732	0.800953516091	1.01860119048
ENOG4105CJ4	1317	242	0.784862932062	0.929082240763	1.18665811418
ENOG4105CEA	1316	27	0.784266984505	0.800357568534	1.02084884587
ENOG4105CJ9	1315	334	0.783671036949	0.982717520858	1.24924196483
ENOG4105DC6	1313	41	0.782479141836	0.806912991657	1.03028064993
ENOG4105CMY	1311	74	0.781287246722	0.825387365912	1.05776173285
ENOG4105WHM	1311	25	0.781287246722	0.796185935638	1.01871257485
ENOG4105CH7	1308	41	0.779499404052	0.803933253874	1.03187546331
ENOG4105C2R	1305	110	0.777711561383	0.84326579261	1.08551236749
ENOG4105C6M	1302	56	0.775923718713	0.809296781883	1.0441826215
ENOG4105D1F	1295	131	0.771752085816	0.849821215733	1.10659186536
ENOG4105D1W	1294	43	0.77115613826	0.796781883194	1.03515332835
ENOG4109003	1293	30	0.770560190703	0.788438617402	1.02569916856
ENOG4108R6K	1291	99	0.76936829559	0.828367103695	1.07482014388
ENOG4105CCQ	1290	341	0.768772348033	0.971990464839	1.32372777437
ENOG4105CQC	1289	72	0.768176400477	0.811084624553	1.05584129317
ENOG4105C2S	1284	46	0.765196662694	0.792610250298	1.03759398496
ENOG4105F91	1282	106	0.76400476758	0.827175208582	1.07780979827
ENOG4105ECC	1281	18	0.763408820024	0.774135876043	1.01462663587
ENOG4105DWR	1280	185	0.762812872467	0.873063170441	1.14744027304
ENOG4105CZ5	1278	48	0.761620977354	0.790226460072	1.03695324284
ENOG4108UKH	1277	51	0.761025029797	0.791418355185	1.03990963855
ENOG4108UGX	1274	33	0.759237187128	0.778903456496	1.03213465953
ENOG4105NHU	1274	27	0.759237187128	0.775327771156	1.02152190623
ENOG4105VAS	1270	26	0.756853396901	0.772348033373	1.02237654321
ENOG4105CDP	1267	246	0.755065554231	0.901668653159	1.19828155981
ENOG4105K8U	1266	30	0.754469606675	0.772348033373	1.02391975309
ENOG4105DUK	1266	49	0.754469606675	0.783671036949	1.04182509506
ENOG4105C0P	1265	62	0.753873659118	0.790822407628	1.0565184627
ENOG4105CHT	1264	38	0.753277711561	0.775923718713	1.02995391705
ENOG4105F6H	1263	57	0.752681764005	0.786650774732	1.04393939394
ENOG4105CTR	1263	25	0.752681764005	0.76758045292	1.0201863354
ENOG4105C3H	1261	400	0.751489868892	0.989868891538	1.37447320891
ENOG4105C2V	1261	103	0.751489868892	0.812872467223	1.08357771261
ENOG4105CTB	1260	114	0.750893921335	0.818831942789	1.09825327511
ENOG4107RE5	1256	28	0.748510131108	0.765196662694	1.02180685358
ENOG4105C40	1255	45	0.747914183552	0.7747318236	1.03538461538
ENOG4108Z11	1254	26	0.747318235995	0.762812872467	1.021875
ENOG4105E2N	1254	122	0.747318235995	0.820023837902	1.09011627907
ENOG4105HHA	1253	62	0.746722288439	0.783671036949	1.04942965779
ENOG4108UH8	1253	17	0.746722288439	0.756853396901	1.01417322835
ENOG4105KHV	1251	40	0.745530393325	0.76936829559	1.03330751356
ENOG4105C6B	1251	31	0.745530393325	0.76400476758	1.02574102964
ENOG4105CA9	1251	297	0.745530393325	0.92252681764	1.23255813953
ENOG4108ZMD	1250	60	0.744934445769	0.780691299166	1.05648854962
ENOG4105CGT	1247	87	0.743146603099	0.794994040524	1.0712143928
ENOG4105DK0	1244	61	0.741358760429	0.777711561383	1.04980842912
ENOG4105C0S	1244	54	0.741358760429	0.773539928486	1.04391371341
ENOG4105K8F	1240	43	0.738974970203	0.764600715137	1.03741231489
ENOG4108UIQ	1240	20	0.738974970203	0.750893921335	1.01587301587
ENOG4105CDF	1239	368	0.738379022646	0.95768772348	1.27193528314
ENOG4105E4Z	1222	72	0.728247914184	0.77115613826	1.06259659969
ENOG4105D6W	1218	50	0.725864123957	0.755661501788	1.04652996845
ENOG4108UXA	1218	24	0.725864123957	0.740166865316	1.0193236715
ENOG4105KEM	1215	23	0.724076281287	0.737783075089	1.01938610662
ENOG4108YYA	1214	31	0.723480333731	0.741954707986	1.0265060241
ENOG4105CEN	1210	39	0.721096543504	0.744338498212	1.03122497998
ENOG4105CJV	1209	28	0.720500595948	0.737187127533	1.02344381568
ENOG4105CFH	1208	331	0.719904648391	0.917163289631	1.2547108512
ENOG4108Z02	1208	198	0.719904648391	0.837902264601	1.15504978663
ENOG4108UJE	1206	86	0.718712753278	0.769964243147	1.07507739938
ENOG4105VNB	1203	55	0.716924910608	0.749702026222	1.04372019078
ENOG4105EAH	1202	141	0.716328963051	0.800357568534	1.11988086374
ENOG4105D52	1197	56	0.713349225268	0.746722288439	1.05107741421
ENOG4105C4P	1195	51	0.712157330155	0.742550655542	1.04333868379
ENOG4105C66	1192	191	0.710369487485	0.824195470799	1.16052060738
ENOG4105C90	1190	30	0.709177592372	0.72705601907	1.02540983607
ENOG4105D4J	1185	36	0.706197854589	0.727651966627	1.03112203112
ENOG4105K90	1173	43	0.699046483909	0.724672228844	1.03700657895
ENOG4105CG0	1173	182	0.699046483909	0.807508939213	1.14317343173
ENOG4105CEK	1169	130	0.696662693683	0.774135876043	1.13010007698
ENOG4108YXN	1156	93	0.688915375447	0.744338498212	1.0840672538
ENOG4105CM3	1154	91	0.687723480334	0.741954707986	1.08112449799
ENOG4105DBV	1150	197	0.685339690107	0.80274135876	1.1722345954
ENOG4108Z1W	1149	27	0.684743742551	0.700834326579	1.02380952381
ENOG4105CIT	1148	35	0.684147794994	0.705005959476	1.03043110735
ENOG4105K7Z	1145	45	0.682359952324	0.709177592372	1.04369747899
ENOG4107QJE	1141	157	0.679976162098	0.773539928486	1.16178736518
ENOG4105CAK	1138	44	0.678188319428	0.704410011919	1.03976311337
ENOG4105C3K	1134	52	0.675804529201	0.706793802145	1.04468802698
ENOG4105C0B	1134	527	0.675804529201	0.989868891538	1.36965683323
ENOG4105ERD	1133	31	0.675208581645	0.6936829559	1.02749140893
ENOG4105W5Q	1131	83	0.674016686532	0.723480333731	1.07990115321
ENOG4105CQI	1127	199	0.671632896305	0.790226460072	1.18702865762
ENOG4105CDB	1127	74	0.671632896305	0.715733015495	1.06994171524
ENOG4105CCG	1124	63	0.669845053635	0.707389749702	1.06149957877
ENOG4105C8A	1123	26	0.669249106079	0.684743742551	1.0226283725
ENOG4105CA1	1123	514	0.669249106079	0.975566150179	1.39767868051
ENOG4105D18	1121	32	0.668057210965	0.687127532777	1.0303555941
ENOG4107QTG	1121	40	0.668057210965	0.69189511323	1.03531438415
ENOG4105C21	1113	27	0.663289630513	0.679380214541	1.02456140351
ENOG4105CU5	1109	86	0.660905840286	0.712157330155	1.08033472803
ENOG4108YYV	1108	48	0.660309892729	0.688915375447	1.04238754325
ENOG4105K8I	1102	21	0.65673420739	0.669249106079	1.01869991095
ENOG4105C8U	1102	154	0.65673420739	0.748510131108	1.14331210191
ENOG4108Z03	1099	25	0.65494636472	0.669845053635	1.02224199288
ENOG4108ZK7	1098	23	0.654350417163	0.668057210965	1.02051739518
ENOG4105CCZ	1094	316	0.651966626937	0.840286054827	1.31773049645
ENOG4105CNU	1094	153	0.651966626937	0.743146603099	1.13311948677
ENOG4105CV1	1092	272	0.650774731824	0.812872467223	1.26979472141
ENOG4105F59	1092	36	0.650774731824	0.672228843862	1.03280141844
ENOG4105C4R	1092	558	0.650774731824	0.983313468415	1.3903030303
ENOG4105KGE	1091	20	0.650178784267	0.662097735399	1.01800180018
ENOG4105DCX	1091	84	0.650178784267	0.700238379023	1.08340425532
ENOG4105DFU	1091	523	0.650178784267	0.961859356377	1.33890954151
ENOG4108Z38	1090	103	0.64958283671	0.710965435042	1.09974853311
ENOG4105CM2	1089	87	0.648986889154	0.700834326579	1.07908163265
ENOG4105KM4	1088	85	0.648390941597	0.699046483909	1.07928388747
ENOG4105ECY	1081	88	0.644219308701	0.696662693683	1.08041060736
ENOG4105BZM	1080	23	0.643623361144	0.657330154946	1.02175883953
ENOG4105D5S	1080	86	0.643623361144	0.694874851013	1.07718696398
ENOG4105K7D	1078	21	0.642431466031	0.65494636472	1.01910828025
ENOG4105C0V	1077	35	0.641835518474	0.662693682956	1.03866906475
ENOG4105CI8	1075	18	0.640643623361	0.65137067938	1.01738334858
ENOG4105E06	1073	211	0.639451728248	0.765196662694	1.18380062305
ENOG4105DBW	1072	25	0.638855780691	0.653754469607	1.02278942571
ENOG4105D0I	1070	28	0.637663885578	0.654350417163	1.02641165756
ENOG4108YXY	1070	147	0.637663885578	0.7252681764	1.15529991783
ENOG4108ZP8	1068	68	0.636471990465	0.676996424315	1.0625
ENOG4105DDZ	1066	27	0.635280095352	0.65137067938	1.02653247941
ENOG4108ZDX	1065	17	0.634684147795	0.644815256257	1.0157116451
ENOG4105E21	1064	21	0.634088200238	0.646603098927	1.02211981567
ENOG4105DG1	1063	338	0.633492252682	0.834922526818	1.39114917916
ENOG4105C6H	1062	251	0.632896305125	0.782479141836	1.24447829398
ENOG4108YXW	1060	36	0.631704410012	0.65315852205	1.03923357664
ENOG4105DR1	1058	20	0.630512514899	0.642431466031	1.0185528757
ENOG4105C6P	1056	241	0.629320619785	0.77294398093	1.22590593678
ENOG4105CMR	1054	302	0.628128724672	0.80810488677	1.28392330383
ENOG4105D6E	1052	105	0.626936829559	0.689511323004	1.10285220398
ENOG4105CD3	1050	237	0.625744934446	0.766984505364	1.20124320124
ENOG4105CWR	1049	520	0.625148986889	0.935041716329	1.35436583811
ENOG4105KE9	1048	115	0.624553039333	0.693087008343	1.11779879622
ENOG4105K8N	1045	18	0.622765196663	0.633492252682	1.0272812794
ENOG4105CFZ	1045	23	0.622765196663	0.636471990465	1.02247191011
ENOG4108UTW	1044	126	0.622169249106	0.69725864124	1.12136752137
ENOG4105DWF	1044	146	0.622169249106	0.709177592372	1.13277310924
ENOG4105CUT	1044	30	0.622169249106	0.640047675805	1.02979515829
ENOG4105C0N	1042	27	0.620977353993	0.637067938021	1.02899906455
ENOG4105CQ3	1040	184	0.61978545888	0.729439809297	1.17238562092
ENOG4105C9B	1037	247	0.61799761621	0.765196662694	1.22274143302
ENOG4105C0G	1037	122	0.61799761621	0.690703218117	1.11130284728
ENOG4105BZY	1035	326	0.616805721097	0.811084624553	1.31006612785
ENOG4105CBM	1035	24	0.616805721097	0.631108462455	1.02360717658
ENOG4105EUJ	1035	174	0.616805721097	0.720500595948	1.16625310174
ENOG4105D7W	1028	170	0.6126340882	0.713945172825	1.17362270451
ENOG4105CGV	1025	635	0.61084624553	0.989272943981	1.4186746988
ENOG4105C5U	1024	611	0.610250297974	0.974374255066	1.51987767584
ENOG4108RWN	1022	77	0.609058402861	0.65494636472	1.07188353048
ENOG4105C13	1018	256	0.606674612634	0.759237187128	1.23783359498
ENOG4105C75	1015	64	0.604886769964	0.643027413588	1.06580166821
ENOG4105CJX	1015	29	0.604886769964	0.622169249106	1.02969348659
ENOG4105C7E	1014	37	0.604290822408	0.626340882002	1.03805899144
ENOG4105DDQ	1013	246	0.603694874851	0.750297973778	1.20413026211
ENOG4105QF0	1011	19	0.602502979738	0.613825983313	1.01844660194
ENOG4105CBF	1010	56	0.601907032181	0.635280095352	1.06566604128
ENOG4108UMW	1006	52	0.599523241955	0.630512514899	1.05293005671
ENOG4105F4C	1005	23	0.598927294398	0.6126340882	1.02237354086
ENOG4105D28	1004	23	0.598331346841	0.612038140644	1.02336903603
ENOG4105C17	1004	657	0.598331346841	0.989868891538	1.62552679109
ENOG4105CA8	1004	27	0.598331346841	0.61442193087	1.03103782735
ENOG4108IUZ	1002	19	0.597139451728	0.608462455304	1.01860920666
ENOG4105C9Q	1000	54	0.595947556615	0.628128724672	1.05407969639
ENOG4105ED0	1000	16	0.595947556615	0.605482717521	1.01673228346
ENOG4105EVN	1000	31	0.595947556615	0.61442193087	1.03103782735
ENOG4105C4Q	1000	105	0.595947556615	0.65852205006	1.10135746606
ENOG4105CH8	996	104	0.593563766389	0.655542312277	1.10636363636
ENOG4105MQS	994	49	0.592371871275	0.621573301549	1.05369127517
ENOG4105CUU	993	95	0.591775923719	0.648390941597	1.09375
ENOG4105D43	991	74	0.590584028605	0.634684147795	1.09295774648
ENOG4105DSJ	991	21	0.590584028605	0.603098927294	1.02075098814
ENOG4105CZ1	990	16	0.589988081049	0.599523241955	1.01689860835
ENOG4105CMV	985	104	0.587008343266	0.648986889154	1.11202938476
ENOG4105CE5	985	54	0.587008343266	0.619189511323	1.05967276227
ENOG4107EES	983	49	0.585816448153	0.615017878427	1.05523255814
ENOG4105K63	983	581	0.585816448153	0.932061978546	1.4405370844
ENOG4108BDP	982	23	0.585220500596	0.598927294398	1.02587064677
ENOG4105E2X	982	75	0.585220500596	0.629916567342	1.09460737938
ENOG4107QIH	981	25	0.584624553039	0.599523241955	1.02584493042
ENOG4105DS7	981	90	0.584624553039	0.638259833135	1.09523809524
ENOG4106EG9	981	24	0.584624553039	0.598927294398	1.02388059701
ENOG4105C48	979	76	0.583432657926	0.628724672229	1.08151658768
ENOG4105CAS	974	28	0.580452920143	0.597139451728	1.03293413174
ENOG4105CM1	974	138	0.580452920143	0.662693682956	1.14478417266
ENOG4105KME	973	159	0.579856972586	0.674612634088	1.18639575972
ENOG4105KW6	972	32	0.57926102503	0.598331346841	1.03386454183
ENOG4105CER	971	309	0.578665077473	0.762812872467	1.28359375
ENOG4105CGK	970	295	0.578069129917	0.753873659118	1.26798418972
ENOG4105SYT	968	47	0.576877234803	0.604886769964	1.04827586207
ENOG4105CY8	966	40	0.57568533969	0.599523241955	1.04274353877
ENOG4105C3B	963	70	0.57389749702	0.615613825983	1.07841239109
ENOG4105C5F	958	381	0.570917759237	0.797973778308	1.34428678118
ENOG4105C3P	956	395	0.569725864124	0.805125148987	1.46039970392
ENOG4105BZT	953	359	0.567938021454	0.781883194279	1.34527439024
ENOG4108Z1K	953	25	0.567938021454	0.582836710369	1.02760736196
ENOG4105KTH	953	17	0.567938021454	0.578069129917	1.01958762887
ENOG4105E2Z	952	151	0.567342073897	0.657330154946	1.15321849501
ENOG4107QM9	950	30	0.566150178784	0.584028605483	1.03367346939
ENOG4105C5V	949	39	0.565554231228	0.588796185936	1.04453441296
ENOG4107QMP	948	27	0.564958283671	0.5810488677	1.02871794872
ENOG4105CK4	946	283	0.563766388558	0.73241954708	1.26769731489
ENOG4105DX0	944	21	0.562574493445	0.575089392133	1.02176165803
ENOG4105C03	944	14	0.562574493445	0.570917759237	1.01461377871
ENOG4105NDF	938	179	0.558998808105	0.665673420739	1.19068934646
ENOG4105C0Q	936	540	0.557806912992	0.879618593564	1.53929539295
ENOG4108ZGB	932	15	0.555423122765	0.564362336114	1.01583949314
ENOG4105CEJ	929	740	0.553635280095	0.99463647199	1.51467944877
ENOG4108IAA	929	35	0.553635280095	0.574493444577	1.04564315353
ENOG4105C38	928	23	0.553039332539	0.566746126341	1.02523659306
ENOG4105DFF	925	378	0.551251489869	0.776519666269	1.34458940906
ENOG4105C4H	924	32	0.550655542312	0.569725864124	1.03451882845
ENOG4105C1B	920	132	0.548271752086	0.626936829559	1.13498098859
ENOG4105JRK	918	28	0.547079856973	0.563766388558	1.03065539112
ENOG4105D0V	917	20	0.546483909416	0.558402860548	1.02134471718
ENOG4108R3E	916	68	0.545887961859	0.586412395709	1.07520325203
ENOG4107QYT	914	22	0.544696066746	0.557806912992	1.02457264957
ENOG4105CJI	914	19	0.544696066746	0.556019070322	1.02036441586
ENOG4105CG2	914	23	0.544696066746	0.558402860548	1.02561366062
ENOG4105C7C	913	30	0.54410011919	0.561978545888	1.03499469777
ENOG4105CV2	910	75	0.54231227652	0.587008343266	1.07918781726
ENOG4107QPT	907	130	0.54052443385	0.61799761621	1.14657666345
ENOG4105CXR	907	35	0.54052443385	0.561382598331	1.03821656051
ENOG4105K85	906	122	0.539928486293	0.6126340882	1.13424124514
ENOG4105CZF	906	37	0.539928486293	0.561978545888	1.04347826087
ENOG4105DXN	902	19	0.537544696067	0.548867699642	1.0217155266
ENOG4108YX9	899	61	0.535756853397	0.57210965435	1.06770833333
ENOG4105FD2	898	38	0.53516090584	0.557806912992	1.0405982906
ENOG4108R5P	897	14	0.534564958284	0.542908224076	1.01536772777
ENOG4105C0C	891	501	0.530989272944	0.829558998808	1.5158045977
ENOG4105C4N	890	20	0.530393325387	0.54231227652	1.02197802198
ENOG4105CDM	890	213	0.530393325387	0.657330154946	1.23118766999
ENOG4105C3F	887	383	0.528605482718	0.756853396901	1.4
ENOG41072GX	887	15	0.528605482718	0.537544696067	1.01662971175
ENOG4105C9X	886	120	0.528009535161	0.599523241955	1.1282306163
ENOG4105CN1	884	454	0.526817640048	0.797377830751	1.51046337818
ENOG4105M2E	883	61	0.526221692491	0.562574493445	1.06673728814
ENOG4105DBZ	880	106	0.524433849821	0.587604290822	1.11257606491
ENOG4105VIE	879	22	0.523837902265	0.53694874851	1.0244173141
ENOG4105EJQ	877	220	0.522646007151	0.653754469607	1.26709206928
ENOG4105F0N	877	53	0.522646007151	0.554231227652	1.05806451613
ENOG4105FCI	875	123	0.521454112038	0.594755661502	1.14629258517
ENOG4108KVX	875	17	0.521454112038	0.531585220501	1.02130044843
ENOG4105CBX	873	154	0.520262216925	0.612038140644	1.17137293087
ENOG4105M02	873	71	0.520262216925	0.562574493445	1.09639830508
ENOG4105DTW	872	84	0.519666269368	0.569725864124	1.09728033473
ENOG4105N3I	867	24	0.516686531585	0.530989272944	1.02805836139
ENOG4105CYQ	867	70	0.516686531585	0.558402860548	1.08324439701
ENOG4105E0X	866	252	0.516090584029	0.666269368296	1.25044722719
ENOG4105KG7	866	17	0.516090584029	0.526221692491	1.01925254813
ENOG4108V6E	865	15	0.515494636472	0.524433849821	1.01818181818
ENOG4105E0C	862	43	0.513706793802	0.539332538737	1.05082872928
ENOG4105CET	862	59	0.513706793802	0.548867699642	1.06840390879
ENOG4108Z0R	857	207	0.510727056019	0.634088200238	1.22838345865
ENOG4105D7M	857	83	0.510727056019	0.560190703218	1.09468085106
ENOG4105CHD	854	16	0.508939213349	0.518474374255	1.0183908046
ENOG4105D4A	852	54	0.507747318236	0.539928486293	1.06070640177
ENOG4108UT2	851	85	0.507151370679	0.557806912992	1.09294871795
ENOG4105K70	849	322	0.505959475566	0.697854588796	1.34585824082
ENOG4105DAF	847	101	0.504767580453	0.564958283671	1.10654008439
ENOG4105C2X	846	92	0.504171632896	0.558998808105	1.11940298507
ENOG4105C80	842	325	0.50178784267	0.69547079857	1.38389031705
ENOG4105MJ2	842	18	0.50178784267	0.512514898689	1.02093023256
ENOG4108Z66	837	26	0.498808104887	0.514302741359	1.03476245655
ENOG4105D8W	836	221	0.49821215733	0.629916567342	1.27436140019
ENOG4105BZ3	834	216	0.497020262217	0.625744934446	1.27142857143
ENOG4105C5S	834	88	0.497020262217	0.549463647199	1.10195227766
ENOG4107QHU	834	20	0.497020262217	0.508939213349	1.02341920375
ENOG4105F1R	834	87	0.497020262217	0.548867699642	1.09880564604
ENOG4105CEZ	832	132	0.495828367104	0.574493444577	1.16701244813
ENOG4105P3U	832	48	0.495828367104	0.524433849821	1.05909090909
ENOG4106PT6	830	41	0.49463647199	0.519070321812	1.05510907003
ENOG4105C5X	829	39	0.494040524434	0.517282479142	1.04608294931
ENOG4105D07	827	107	0.492848629321	0.556615017878	1.12847965739
ENOG4105EI2	826	113	0.492252681764	0.559594755662	1.14270500532
ENOG4105KDC	824	13	0.491060786651	0.498808104887	1.01553166069
ENOG4105BZH	823	147	0.490464839094	0.578069129917	1.17216494845
ENOG4105D8A	823	34	0.490464839094	0.510727056019	1.04084014002
ENOG4105E66	823	70	0.490464839094	0.532181168057	1.09406494961
ENOG4107QN8	823	104	0.490464839094	0.552443384982	1.12513484358
ENOG4108Z2X	822	34	0.489868891538	0.510131108462	1.04672897196
ENOG4105D65	821	162	0.489272943981	0.585816448153	1.18718209563
ENOG4105EH2	818	15	0.487485101311	0.49642431466	1.01800720288
ENOG4105CSJ	817	180	0.486889153754	0.594159713945	1.22467402207
ENOG4105CSZ	816	18	0.486293206198	0.497020262217	1.02158273381
ENOG4108UK1	816	38	0.486293206198	0.508939213349	1.04566744731
ENOG4105KWU	814	63	0.485101311085	0.522646007151	1.09007981756
ENOG4105EK0	812	31	0.483909415971	0.502383790226	1.03677342823
ENOG4105C3R	810	27	0.482717520858	0.498808104887	1.03584229391
ENOG4105KG3	809	34	0.482121573302	0.502383790226	1.04151838671
ENOG4105CJR	806	111	0.480333730632	0.546483909416	1.14176663032
ENOG4107QPR	804	18	0.479141835518	0.489868891538	1.02189781022
ENOG4105C3E	803	48	0.478545887962	0.507151370679	1.06227967098
ENOG4105D2N	801	238	0.477353992849	0.619189511323	1.44562078922
ENOG41076HS	798	133	0.475566150179	0.554827175209	1.19011815252
ENOG4105CYJ	797	593	0.474970202622	0.828367103695	1.47769784173
ENOG4105D0M	796	177	0.474374255066	0.579856972586	1.19938335046
ENOG4107QS5	796	257	0.474374255066	0.627532777116	1.2735042735
ENOG4108JQ1	796	374	0.474374255066	0.69725864124	1.50170940171
ENOG4108JQC	796	168	0.474374255066	0.574493444577	1.25
ENOG4105CNR	795	141	0.473778307509	0.557806912992	1.17200854701
ENOG4105EAC	793	37	0.472586412396	0.49463647199	1.04698795181
ENOG4105C7B	787	441	0.469010727056	0.731823599523	1.55211726384
ENOG4105D06	785	227	0.467818831943	0.603098927294	1.25098814229
ENOG4107EEM	785	25	0.467818831943	0.482717520858	1.03086419753
ENOG4105E4Y	784	33	0.467222884386	0.486889153754	1.04161566707
ENOG4108UGV	783	75	0.46662693683	0.511323003576	1.08857808858
ENOG4108YZG	776	113	0.462455303933	0.529797377831	1.16535433071
ENOG4105CJW	776	263	0.462455303933	0.619189511323	1.30702598653
ENOG4105BZJ	775	232	0.461859356377	0.600119189511	1.38530287984
ENOG4105CX6	774	20	0.46126340882	0.473182359952	1.02770780856
ENOG4105KQV	774	15	0.46126340882	0.470202622169	1.02027883397
ENOG4105CE4	771	175	0.45947556615	0.563766388558	1.23678646934
ENOG4105ET3	770	38	0.458879618594	0.481525625745	1.05074257426
ENOG4105C01	767	590	0.457091775924	0.808700834327	1.80176860722
ENOG4105C10	764	282	0.455303933254	0.623361144219	1.45889101338
ENOG4105CMW	763	39	0.454707985697	0.477949940405	1.05486284289
ENOG4105C8Y	763	586	0.454707985697	0.803933253874	1.62194217939
ENOG4105CKU	763	67	0.454707985697	0.49463647199	1.10481927711
ENOG4105CNK	762	248	0.454112038141	0.601907032181	1.38811881188
ENOG4105CCA	761	36	0.453516090584	0.474970202622	1.04767879548
ENOG4105CN5	760	285	0.452920143027	0.622765196663	1.30526315789
ENOG4105CQV	760	202	0.452920143027	0.573301549464	1.24012474012
ENOG4108UUM	759	343	0.452324195471	0.65673420739	1.4110707804
ENOG4105CEV	759	26	0.452324195471	0.467818831943	1.03566878981
ENOG4107QP8	758	66	0.451728247914	0.491060786651	1.09344660194
ENOG4105C7P	757	28	0.451132300358	0.467818831943	1.03566878981
ENOG4105CHR	754	658	0.449344457688	0.84147794994	1.70821529745
ENOG4105CAA	753	46	0.448748510131	0.476162097735	1.06633291615
ENOG4105CXW	751	126	0.447556615018	0.522646007151	1.1527936146
ENOG4105C3J	750	688	0.446960667461	0.856972586412	1.58066759388
ENOG4108ZAF	748	33	0.445768772348	0.465435041716	1.05633802817
ENOG4105C7Q	748	51	0.445768772348	0.476162097735	1.07133917397
ENOG4105CD8	747	199	0.445172824791	0.563766388558	1.27695560254
ENOG4105SFS	745	28	0.443980929678	0.460667461263	1.03880983182
ENOG4105CN7	745	41	0.443980929678	0.468414779499	1.0534351145
ENOG4107YU2	744	16	0.443384982122	0.452920143027	1.02236842105
ENOG4108IQK	739	309	0.440405244338	0.624553039333	1.36736641221
ENOG4108IYU	736	20	0.438617401669	0.450536352801	1.0291005291
ENOG4107R91	736	116	0.438617401669	0.507747318236	1.1514084507
ENOG4105DH2	735	17	0.438021454112	0.448152562574	1.02792553191
ENOG4105CHW	734	16	0.437425506555	0.446960667461	1.02133333333
ENOG4105CMZ	733	81	0.436829558999	0.485101311085	1.11056511057
ENOG4105DIW	733	33	0.436829558999	0.456495828367	1.04960835509
ENOG4108R4Z	732	12	0.436233611442	0.443384982122	1.01612903226
ENOG4105E33	732	221	0.436233611442	0.567938021454	1.26547743966
ENOG4108S7T	728	67	0.433849821216	0.473778307509	1.09559748428
ENOG4105D5I	727	21	0.433253873659	0.445768772348	1.02941176471
ENOG4105C3Y	726	144	0.432657926103	0.518474374255	1.21954022989
ENOG4105C7N	725	346	0.432061978546	0.638259833135	1.4939309057
ENOG4105CB3	725	68	0.432061978546	0.472586412396	1.09709962169
ENOG4105KW8	724	31	0.431466030989	0.449940405244	1.04370860927
ENOG4105C8B	724	28	0.431466030989	0.448152562574	1.03723404255
ENOG4105D3U	724	14	0.431466030989	0.439809296782	1.02032520325
ENOG4108URP	721	226	0.429678188319	0.564362336114	1.2787750792
ENOG4107QM1	720	32	0.429082240763	0.448152562574	1.04255319149
ENOG4105BZ6	719	420	0.428486293206	0.678784266985	1.44512730465
ENOG4105DUF	717	46	0.427294398093	0.454707985697	1.06815203145
ENOG4105D4P	717	189	0.427294398093	0.539928486293	1.23289183223
ENOG41090R7	716	73	0.426698450536	0.470202622169	1.11153358682
ENOG41068B1	715	80	0.42610250298	0.473778307509	1.1106918239
ENOG4105C4M	715	281	0.42610250298	0.593563766389	1.4016064257
ENOG4105D21	715	14	0.42610250298	0.434445768772	1.02057613169
ENOG4105CE6	713	29	0.424910607867	0.442193087008	1.04043126685
ENOG4107R37	713	129	0.424910607867	0.50178784267	1.16983372922
ENOG4105C7K	712	653	0.42431466031	0.813468414779	1.72087912088
ENOG4105CE1	712	239	0.42431466031	0.566746126341	1.36067297581
ENOG4108UV6	712	71	0.42431466031	0.46662693683	1.09706257982
ENOG4105C72	709	25	0.42252681764	0.437425506555	1.0340599455
ENOG4105C98	709	96	0.42252681764	0.479737783075	1.12795031056
ENOG4105VFB	708	10	0.421930870083	0.42789034565	1.01532033426
ENOG4105CUP	707	78	0.421334922527	0.467818831943	1.11337579618
ENOG4105ED7	706	13	0.42073897497	0.428486293206	1.01808066759
ENOG4105CJ2	706	202	0.42073897497	0.541120381406	1.28193832599
ENOG4105EHH	705	39	0.420143027414	0.443384982122	1.06182795699
ENOG4105FDK	705	52	0.420143027414	0.451132300358	1.08058124174
ENOG4105EN6	704	135	0.419547079857	0.5	1.18116805721
ENOG4105ESV	704	79	0.419547079857	0.46662693683	1.11877394636
ENOG4105CBC	704	244	0.419547079857	0.564958283671	1.28691983122
ENOG4105DVT	703	123	0.4189511323	0.492252681764	1.16101694915
ENOG4105CVM	698	387	0.415971394517	0.646603098927	1.44516129032
ENOG4105KNM	698	41	0.415971394517	0.440405244338	1.05953991881
ENOG4105C5C	698	175	0.415971394517	0.520262216925	1.26345933562
ENOG4108V0P	697	167	0.415375446961	0.514898688915	1.22337962963
ENOG4105CIH	697	681	0.415375446961	0.821215733015	1.63788098694
ENOG4105E1P	696	37	0.414779499404	0.436829558999	1.05593451569
ENOG4105BZN	695	533	0.414183551847	0.731823599523	1.54071661238
ENOG4105ES3	694	116	0.413587604291	0.482717520858	1.15679012346
ENOG4108UHU	694	198	0.413587604291	0.531585220501	1.31614349776
ENOG4107QSU	693	86	0.412991656734	0.464243146603	1.12195121951
ENOG4108YZT	692	20	0.412395709178	0.42431466031	1.03370786517
ENOG4108JIU	691	13	0.411799761621	0.419547079857	1.01988636364
ENOG4105CS3	691	51	0.411799761621	0.442193087008	1.08625336927
ENOG4105CE8	691	52	0.411799761621	0.442789034565	1.07267833109
ENOG4105W0E	689	23	0.410607866508	0.42431466031	1.03511235955
ENOG4105D00	689	94	0.410607866508	0.46662693683	1.12771392082
ENOG4105F38	688	189	0.410011918951	0.522646007151	1.30216647662
ENOG4108ZF1	687	115	0.409415971395	0.477949940405	1.18204488778
ENOG4105DJ1	687	31	0.409415971395	0.42789034565	1.04456824513
ENOG4105CB8	685	371	0.408224076281	0.629320619785	1.44507575758
ENOG41082QR	684	20	0.407628128725	0.419547079857	1.03267045455
ENOG4105C9W	683	29	0.407032181168	0.42431466031	1.04073033708
ENOG4106F3G	682	11	0.406436233611	0.412991656734	1.01587301587
ENOG4106NDE	682	470	0.406436233611	0.686531585221	1.56076388889
ENOG4105CRD	682	58	0.406436233611	0.441001191895	1.08243243243
ENOG4105D1Q	682	32	0.406436233611	0.425506555423	1.04761904762
ENOG4108V1J	681	50	0.405840286055	0.435637663886	1.07523939808
ENOG4105CIW	681	798	0.405840286055	0.881406436234	1.56457065585
ENOG4105D98	680	25	0.405244338498	0.420143027414	1.03829787234
ENOG4105CF9	680	75	0.405244338498	0.449940405244	1.10066225166
ENOG4105CEP	680	273	0.405244338498	0.567938021454	1.41133263379
ENOG4105FAV	680	63	0.405244338498	0.442789034565	1.09017496635
ENOG4105C7D	679	993	0.404648390942	0.99642431466	1.64354066986
ENOG4105D7B	679	93	0.404648390942	0.460071513707	1.12694300518
ENOG4105DB7	678	51	0.404052443385	0.434445768772	1.08641975309
ENOG4105CJT	678	229	0.404052443385	0.54052443385	1.33076074972
ENOG4105MK2	677	15	0.403456495828	0.412395709178	1.02312138728
ENOG4105CUZ	676	19	0.402860548272	0.414183551847	1.03021582734
ENOG4105CFX	674	31	0.401668653159	0.420143027414	1.04397163121
ENOG4105CVS	674	25	0.401668653159	0.416567342074	1.03576537911
ENOG4105I08	674	69	0.401668653159	0.442789034565	1.11170928668
ENOG4108WBT	674	64	0.401668653159	0.439809296782	1.09349593496
ENOG4108VPT	673	15	0.401072705602	0.410011918951	1.02325581395
ENOG4107QN2	672	669	0.400476758045	0.799165673421	1.65175242356
ENOG4105C83	671	30	0.399880810489	0.417759237187	1.04279600571
ENOG4108ZGC	670	15	0.399284862932	0.408224076281	1.02189781022
ENOG4108Z4R	669	44	0.398688915375	0.424910607867	1.06311360449
ENOG4105CYU	667	48	0.397497020262	0.42610250298	1.07132867133
ENOG4108UJU	666	14	0.396901072706	0.405244338498	1.02205882353
ENOG4105CGY	664	17	0.395709177592	0.405840286055	1.02496328928
ENOG4105DD5	662	57	0.394517282479	0.428486293206	1.08344923505
ENOG4105E1Z	661	41	0.393921334923	0.418355184744	1.07407407407
ENOG4108JEI	661	220	0.393921334923	0.525029797378	1.32122587968
ENOG4105CBI	660	39	0.393325387366	0.416567342074	1.06294706724
ENOG4108UMA	659	77	0.392729439809	0.438617401669	1.1277173913
ENOG4105BZW	658	141	0.392133492253	0.476162097735	1.22027534418
ENOG4105D19	658	16	0.392133492253	0.401668653159	1.02522255193
ENOG4105C5Q	655	170	0.390345649583	0.491656734207	1.27515151515
ENOG4105DR4	652	55	0.388557806913	0.421334922527	1.08769448373
ENOG4105EAG	652	172	0.388557806913	0.491060786651	1.27184466019
ENOG4105F7M	651	11	0.387961859356	0.394517282479	1.01812688822
ENOG4107GFK	651	112	0.387961859356	0.454707985697	1.19266055046
ENOG4108UMI	651	254	0.387961859356	0.539332538737	1.36243093923
ENOG4108JPX	649	397	0.386769964243	0.623361144219	1.95411089866
ENOG4105DJ5	647	40	0.38557806913	0.409415971395	1.06550218341
ENOG4105C15	647	54	0.38557806913	0.417759237187	1.08987161198
ENOG4105CGA	647	85	0.38557806913	0.436233611442	1.12021857923
ENOG4105CIY	646	127	0.384982121573	0.460667461263	1.22380336352
ENOG4107QIB	645	8	0.384386174017	0.38915375447	1.01225114855
ENOG4105EFU	645	30	0.384386174017	0.402264600715	1.04592592593
ENOG4105ZIE	644	21	0.38379022646	0.396305125149	1.03157894737
ENOG4105VBI	644	8	0.38379022646	0.388557806913	1.01226993865
ENOG4105C0H	644	948	0.38379022646	0.948748510131	2.06595477387
ENOG4105D38	643	107	0.383194278903	0.446960667461	1.164
ENOG4108RVA	642	197	0.382598331347	0.5	1.30989272944
ENOG4108V7X	640	31	0.381406436234	0.399880810489	1.0521609538
ENOG4105DWV	640	20	0.381406436234	0.393325387366	1.03181818182
ENOG4105DBI	640	25	0.381406436234	0.396305125149	1.03909774436
ENOG4105D1U	639	54	0.380810488677	0.412991656734	1.08080808081
ENOG4105CVG	638	21	0.38021454112	0.392729439809	1.03186646434
ENOG4105E02	638	43	0.38021454112	0.405840286055	1.06461086637
ENOG4105CBT	637	40	0.379618593564	0.403456495828	1.06056129985
ENOG4105KCK	636	73	0.379022646007	0.42252681764	1.12552891396
ENOG4105C11	636	100	0.379022646007	0.438617401669	1.16032608696
ENOG4105MA4	635	11	0.378426698451	0.384982121573	1.01857585139
ENOG4105D8I	635	16	0.378426698451	0.387961859356	1.02611367127
ENOG4105D37	635	176	0.378426698451	0.483313468415	1.23304562269
ENOG4108YZ4	634	21	0.377830750894	0.390345649583	1.03511450382
ENOG4105DBS	634	15	0.377830750894	0.386769964243	1.02465331279
ENOG4108ZF3	632	204	0.376638855781	0.49821215733	1.36483253589
ENOG4105C8S	632	198	0.376638855781	0.49463647199	1.34337349398
ENOG4108JIR	631	154	0.376042908224	0.467818831943	1.25987261146
ENOG4107ZYR	630	104	0.375446960667	0.437425506555	1.16076294278
ENOG4105E09	627	23	0.373659117998	0.3873659118	1.03692307692
ENOG4105EPU	627	39	0.373659117998	0.396901072706	1.06456456456
ENOG4105C00	627	246	0.373659117998	0.520262216925	1.33218785796
ENOG4105PGM	626	108	0.373063170441	0.437425506555	1.17983651226
ENOG4105KAE	626	12	0.373063170441	0.38021454112	1.01880877743
ENOG4105M2J	626	36	0.373063170441	0.394517282479	1.05589123867
ENOG4105CZN	623	153	0.371275327771	0.462455303933	1.23067010309
ENOG4105DN4	622	45	0.370679380215	0.397497020262	1.08845577211
ENOG4105BZF	621	112	0.370083432658	0.436829558999	1.17053206003
ENOG4105C6T	621	873	0.370083432658	0.890345649583	1.86211512718
ENOG4108URH	621	65	0.370083432658	0.408820023838	1.09620991254
ENOG4105C24	621	1049	0.370083432658	0.995232419547	1.66586826347
ENOG4105D24	620	41	0.369487485101	0.393921334923	1.06354009077
ENOG4107R6Y	620	20	0.369487485101	0.381406436234	1.0328125
ENOG4105DJ0	619	11	0.368891537545	0.375446960667	1.01746031746
ENOG4105C0Y	619	70	0.368891537545	0.410607866508	1.10740203193
ENOG4105EPW	618	23	0.368295589988	0.38200238379	1.03744149766
ENOG4105CKK	618	312	0.368295589988	0.554231227652	1.45376344086
ENOG4105CMS	617	48	0.367699642431	0.396305125149	1.07518796992
ENOG4105CV4	617	40	0.367699642431	0.391537544696	1.0700152207
ENOG4105EY8	617	251	0.367699642431	0.517282479142	1.36175115207
ENOG4105CNG	617	49	0.367699642431	0.396901072706	1.08108108108
ENOG4105CTQ	617	246	0.367699642431	0.514302741359	1.34762456547
ENOG4105Q2H	615	19	0.366507747318	0.377830750894	1.02996845426
ENOG4105C6E	614	16	0.365911799762	0.375446960667	1.0253968254
ENOG4108UN4	613	25	0.365315852205	0.38021454112	1.0407523511
ENOG4105IES	612	27	0.364719904648	0.380810488677	1.04225352113
ENOG4105E26	612	67	0.364719904648	0.404648390942	1.10898379971
ENOG4105C6K	609	174	0.362932061979	0.46662693683	1.2656449553
ENOG4105DMJ	609	14	0.362932061979	0.371275327771	1.02247191011
ENOG4105VCC	607	35	0.361740166865	0.382598331347	1.08099688474
ENOG4105C4G	607	12	0.361740166865	0.368891537545	1.01938610662
ENOG4106762	606	24	0.361144219309	0.375446960667	1.03968253968
ENOG4105C4K	606	18	0.361144219309	0.371871275328	1.03044871795
ENOG4105CJN	606	919	0.361144219309	0.908820023838	1.73901639344
ENOG4105D7Z	605	28	0.360548271752	0.377234803337	1.04423380727
ENOG4108V06	605	281	0.360548271752	0.528009535161	1.38374717833
ENOG4105CKA	605	145	0.360548271752	0.446960667461	1.228
ENOG4105D3R	605	85	0.360548271752	0.411203814064	1.1347826087
ENOG4105D22	603	130	0.359356376639	0.436829558999	1.20600272851
ENOG41080UE	600	12	0.357568533969	0.364719904648	1.01960784314
ENOG4105C5E	600	338	0.357568533969	0.558998808105	1.46695095949
ENOG4108ZC9	600	36	0.357568533969	0.379022646007	1.05974842767
ENOG4105C9Y	600	18	0.357568533969	0.368295589988	1.03074433657
ENOG4105BZ4	597	405	0.355780691299	0.597139451728	1.67864271457
ENOG4107QJD	597	55	0.355780691299	0.388557806913	1.10582822086
ENOG4105C37	597	612	0.355780691299	0.720500595948	1.75682382134
ENOG4105ECP	597	100	0.355780691299	0.415375446961	1.1649928264
ENOG4105DR5	596	287	0.355184743743	0.526221692491	1.48810872027
ENOG4108ZUF	595	32	0.354588796186	0.373659117998	1.08771929825
ENOG4105EJF	595	21	0.354588796186	0.367103694875	1.03409090909
ENOG4108IIJ	595	17	0.354588796186	0.364719904648	1.03104575163
ENOG4105CVP	594	146	0.353992848629	0.441001191895	1.28378378378
ENOG4105VJV	594	10	0.353992848629	0.359952324195	1.01655629139
ENOG4105GKE	593	22	0.353396901073	0.366507747318	1.04227642276
ENOG4107THF	593	16	0.353396901073	0.362932061979	1.02791461412
ENOG4105CY3	592	293	0.352800953516	0.527413587604	1.39209039548
ENOG4107H9G	592	93	0.352800953516	0.408224076281	1.17664233577
ENOG4105E78	591	23	0.352205005959	0.365911799762	1.03908794788
ENOG4107QM5	591	144	0.352205005959	0.438021454112	1.22857142857
ENOG4105C3T	590	98	0.351609058403	0.410011918951	1.17151162791
ENOG41080YA	590	51	0.351609058403	0.38200238379	1.10296411856
ENOG4105D9H	589	16	0.351013110846	0.360548271752	1.02644628099
ENOG4108K5H	589	12	0.351013110846	0.358164481526	1.01996672213
ENOG41067MG	589	77	0.351013110846	0.396901072706	1.12312312312
ENOG4105DC8	589	96	0.351013110846	0.408224076281	1.17372262774
ENOG4105CNZ	588	58	0.35041716329	0.384982121573	1.10216718266
ENOG4105KQC	587	15	0.349821215733	0.358760429082	1.02491694352
ENOG4105HMI	587	46	0.349821215733	0.377234803337	1.07898894155
ENOG4105QNR	586	13	0.349225268176	0.356972586412	1.02170283806
ENOG4108ZI0	586	51	0.349225268176	0.379618593564	1.08948194662
ENOG4105CGM	586	33	0.349225268176	0.368891537545	1.0549273021
ENOG4105E4R	586	12	0.349225268176	0.356376638856	1.02341137124
ENOG4105CFY	585	229	0.34862932062	0.485101311085	1.39803439803
ENOG4106SNF	584	11	0.348033373063	0.354588796186	1.02352941176
ENOG4105FR1	584	24	0.348033373063	0.362336114422	1.04111842105
ENOG41080KG	584	9	0.348033373063	0.353396901073	1.01517706577
ENOG4105CZI	584	48	0.348033373063	0.376638855781	1.08386075949
ENOG4105DHJ	583	283	0.347437425507	0.516090584029	1.40300230947
ENOG4105C6Y	582	226	0.34684147795	0.481525625745	1.37004950495
ENOG4105DA5	582	284	0.34684147795	0.516090584029	1.5311778291
ENOG4105K6T	582	232	0.34684147795	0.485101311085	1.34275184275
ENOG4107QIZ	581	351	0.346245530393	0.555423122765	1.54935622318
ENOG4107TH8	581	8	0.346245530393	0.351013110846	1.01358234295
ENOG4105CI2	581	26	0.346245530393	0.361740166865	1.04283360791
ENOG4105D60	581	97	0.346245530393	0.404052443385	1.15191740413
ENOG4107QKA	580	22	0.345649582837	0.358760429082	1.03986710963
ENOG4108IJ0	579	72	0.34505363528	0.387961859356	1.15360983103
ENOG4108HMR	579	69	0.34505363528	0.386174016687	1.14197530864
ENOG4105CIA	579	11	0.34505363528	0.351609058403	1.0186440678
ENOG4107QT4	578	11	0.344457687723	0.351013110846	1.01867572156
ENOG4107RZZ	576	18	0.34326579261	0.353992848629	1.0303030303
ENOG4105DGW	576	234	0.34326579261	0.482717520858	1.36049382716
ENOG4108ZR6	576	10	0.34326579261	0.349225268176	1.01706484642
ENOG4105KHC	573	94	0.34147794994	0.397497020262	1.16791604198
ENOG4107QTF	573	8	0.34147794994	0.346245530393	1.01376936317
ENOG4108YXI	571	20	0.340286054827	0.352205005959	1.03891708968
ENOG4105C7S	571	483	0.340286054827	0.628128724672	1.67836812144
ENOG4105DGU	571	186	0.340286054827	0.451132300358	1.29590488771
ENOG4105M7K	570	12	0.339690107271	0.34684147795	1.0206185567
ENOG4105M6F	570	65	0.339690107271	0.378426698451	1.10866141732
ENOG4107QKV	570	112	0.339690107271	0.406436233611	1.18475073314
ENOG4105DIK	570	248	0.339690107271	0.487485101311	1.34718826406
ENOG4105CZG	570	60	0.339690107271	0.375446960667	1.11587301587
ENOG4108JJ9	569	77	0.339094159714	0.384982121573	1.14705882353
ENOG4105C87	569	176	0.339094159714	0.443980929678	1.35436241611
ENOG4105C6V	567	134	0.337902264601	0.417759237187	1.23252496434
ENOG4105CGP	567	35	0.337902264601	0.358760429082	1.07142857143
ENOG4105IX2	566	16	0.337306317044	0.34684147795	1.02920962199
ENOG4108RBP	565	12	0.336710369487	0.343861740167	1.02253032929
ENOG4105ET1	565	72	0.336710369487	0.379618593564	1.11773940345
ENOG4108IYT	565	67	0.336710369487	0.376638855781	1.13132911392
ENOG4105D3H	565	77	0.336710369487	0.382598331347	1.15887850467
ENOG4105DP4	564	33	0.336114421931	0.355780691299	1.05695142379
ENOG4105CRP	564	24	0.336114421931	0.35041716329	1.04761904762
ENOG4105E7W	564	101	0.336114421931	0.396305125149	1.19248120301
ENOG41081F0	564	11	0.336114421931	0.342669845054	1.02608695652
ENOG4108Z86	561	169	0.334326579261	0.435041716329	1.30821917808
ENOG4105E7H	560	16	0.333730631704	0.34326579261	1.02951388889
ENOG4105DKQ	560	198	0.333730631704	0.451728247914	1.36411609499
ENOG4107QJR	559	17	0.333134684148	0.34326579261	1.03298611111
ENOG4105VFG	559	7	0.333134684148	0.337306317044	1.01236749117
ENOG4108S6J	558	38	0.332538736591	0.355184743743	1.06543624161
ENOG4107QHF	557	437	0.331942789035	0.592371871275	1.84708249497
ENOG4105F1A	557	30	0.331942789035	0.349821215733	1.07325383305
ENOG4107QQN	556	163	0.331346841478	0.428486293206	1.27677329624
ENOG4105D4F	555	22	0.330750893921	0.343861740167	1.03986135182
ENOG4105E2M	555	28	0.330750893921	0.347437425507	1.04802744425
ENOG4105C1V	554	191	0.330154946365	0.443980929678	1.31677852349
ENOG4108UK2	554	12	0.330154946365	0.337306317044	1.02120141343
ENOG4108Q79	553	20	0.329558998808	0.34147794994	1.03664921466
ENOG4107QPI	553	29	0.329558998808	0.34684147795	1.05841924399
ENOG4108Z4V	553	70	0.329558998808	0.371275327771	1.11235955056
ENOG4105NRA	553	24	0.329558998808	0.343861740167	1.04506065858
ENOG4105C35	552	32	0.328963051251	0.348033373063	1.05993150685
ENOG4105C5I	552	364	0.328963051251	0.545887961859	1.52838427948
ENOG4105C02	551	176	0.328367103695	0.433253873659	1.32187070151
ENOG4105PW4	551	9	0.328367103695	0.333730631704	1.01785714286
ENOG4107EEK	551	614	0.328367103695	0.694278903456	1.77939914163
ENOG4105ENN	549	173	0.327175208582	0.430274135876	1.32271468144
ENOG4105DF0	549	15	0.327175208582	0.336114421931	1.02836879433
ENOG4105C1F	549	72	0.327175208582	0.370083432658	1.12077294686
ENOG4105FF6	549	48	0.327175208582	0.355780691299	1.09045226131
ENOG4107RFD	548	29	0.326579261025	0.343861740167	1.05025996534
ENOG4108YZN	548	9	0.326579261025	0.331942789035	1.01795332136
ENOG4105D42	547	101	0.325983313468	0.386174016687	1.16666666667
ENOG4107RAB	547	6	0.325983313468	0.329558998808	1.01084990958
ENOG4105HJX	547	20	0.325983313468	0.337902264601	1.03527336861
ENOG4108RDD	547	50	0.325983313468	0.355780691299	1.09212730318
ENOG4105BZ8	546	256	0.325387365912	0.477949940405	1.38279301746
ENOG4105EAY	545	39	0.324791418355	0.348033373063	1.07363013699
ENOG4105KT7	545	139	0.324791418355	0.407628128725	1.24561403509
ENOG4105DRP	544	149	0.324195470799	0.412991656734	1.26262626263
ENOG4105VG1	544	112	0.324195470799	0.390941597139	1.20731707317
ENOG4105GR3	544	509	0.324195470799	0.627532777116	2.06742640076
ENOG4105MS2	541	12	0.322407628129	0.329558998808	1.02169981917
ENOG4108VKV	541	12	0.322407628129	0.329558998808	1.02169981917
ENOG4107QW9	540	29	0.321811680572	0.339094159714	1.05975395431
ENOG4105DSE	540	184	0.321811680572	0.431466030989	1.31215469613
ENOG4108UHC	540	79	0.321811680572	0.368891537545	1.1534733441
ENOG4107YD3	539	15	0.321215733015	0.330154946365	1.02707581227
ENOG41071I4	538	14	0.320619785459	0.328963051251	1.02717391304
ENOG4105CNE	538	55	0.320619785459	0.353396901073	1.15008431703
ENOG4105F23	538	19	0.320619785459	0.331942789035	1.039497307
ENOG4108Z08	537	8	0.320023837902	0.324791418355	1.01467889908
ENOG4105WPN	537	8	0.320023837902	0.324791418355	1.01467889908
ENOG4105DEK	536	121	0.319427890346	0.391537544696	1.21461187215
ENOG4105E9H	536	42	0.319427890346	0.344457687723	1.07785467128
ENOG4105E9Q	536	50	0.319427890346	0.349225268176	1.09044368601
ENOG4108Z7S	536	20	0.319427890346	0.331346841478	1.03776978417
ENOG4108Z1B	535	12	0.318831942789	0.325983313468	1.02193784278
ENOG4105EMN	535	198	0.318831942789	0.436829558999	1.44611186903
ENOG4105CH2	535	542	0.318831942789	0.641835518474	2.11792014856
ENOG4108YXA	535	12	0.318831942789	0.325983313468	1.02193784278
ENOG4108Z4U	535	109	0.318831942789	0.38379022646	1.2049689441
ENOG4105D8X	534	87	0.318235995232	0.370083432658	1.16425120773
ENOG4105D3Q	533	764	0.317640047676	0.77294398093	2.06245181187
ENOG4105CSR	531	282	0.316448152563	0.484505363528	1.47478474785
ENOG4105C4A	531	16	0.316448152563	0.325983313468	1.02925045704
ENOG4105EB3	531	582	0.316448152563	0.663289630513	2.23360287511
ENOG41060IM	530	23	0.315852205006	0.329558998808	1.04159132007
ENOG4107QQC	529	170	0.315256257449	0.416567342074	1.30615164521
ENOG4105D48	528	9	0.314660309893	0.320023837902	1.01862197393
ENOG4105D1C	528	10	0.314660309893	0.320619785459	1.01858736059
ENOG4105D6J	528	94	0.314660309893	0.370679380215	1.18649517685
ENOG4105CZX	528	192	0.314660309893	0.429082240763	1.39722222222
ENOG4105DAQ	527	121	0.314064362336	0.386174016687	1.24691358025
ENOG4105D7N	527	95	0.314064362336	0.370679380215	1.20739549839
ENOG41082SA	527	10	0.314064362336	0.320023837902	1.02048417132
ENOG4105VEJ	526	9	0.313468414779	0.318831942789	1.02056074766
ENOG4105DW0	526	33	0.313468414779	0.333134684148	1.06082289803
ENOG4105C4U	525	37	0.312872467223	0.334922526818	1.07295373665
ENOG4105EZI	524	67	0.312276519666	0.352205005959	1.12521150592
ENOG4107QQ8	523	104	0.31168057211	0.373659117998	1.20733652313
ENOG4105FBJ	523	78	0.31168057211	0.358164481526	1.15640599002
ENOG4107RMT	523	37	0.31168057211	0.333730631704	1.08571428571
ENOG4108R80	522	26	0.311084624553	0.326579261025	1.05474452555
ENOG4108UVJ	522	36	0.311084624553	0.332538736591	1.07885304659
ENOG4105K59	522	19	0.311084624553	0.322407628129	1.03512014787
ENOG4105SKN	521	20	0.310488676996	0.322407628129	1.03881700555
ENOG4105C53	520	839	0.30989272944	0.80989272944	3.06475349522
ENOG4105CQX	520	301	0.30989272944	0.489272943981	1.4652862363
ENOG4105D6C	519	346	0.309296781883	0.515494636472	1.60809248555
ENOG4108ZG0	519	83	0.309296781883	0.358760429082	1.17441860465
ENOG4105DP5	518	12	0.308700834327	0.315852205006	1.02452830189
ENOG4105E05	518	17	0.308700834327	0.318831942789	1.03551401869
ENOG410627K	518	20	0.308700834327	0.320619785459	1.04089219331
ENOG4105E5Q	518	375	0.308700834327	0.532181168057	1.75251959686
ENOG4105BZE	517	150	0.30810488677	0.397497020262	1.25937031484
ENOG4107QPA	517	32	0.30810488677	0.327175208582	1.05828779599
ENOG4105D01	516	352	0.307508939213	0.517282479142	1.61751152074
ENOG4105C56	516	80	0.307508939213	0.355184743743	1.16946308725
ENOG4105CGZ	515	15	0.306912991657	0.315852205006	1.02830188679
ENOG4105D9K	513	34	0.305721096544	0.325983313468	1.07861060329
ENOG4105BZ9	511	410	0.30452920143	0.548867699642	1.70466883822
ENOG4108VQJ	510	27	0.303933253874	0.320023837902	1.06517690875
ENOG4108VX5	510	19	0.303933253874	0.315256257449	1.05482041588
ENOG4105EAM	509	160	0.303337306317	0.398688915375	1.30493273543
ENOG4107R0V	508	121	0.30274135876	0.374851013111	1.25278219396
ENOG4105XBY	508	125	0.30274135876	0.377234803337	1.30489731438
ENOG4105K4P	507	27	0.302145411204	0.318235995232	1.05056179775
ENOG4105CYW	507	172	0.302145411204	0.404648390942	1.39469808542
ENOG4108M36	506	522	0.301549463647	0.6126340882	2.01848249027
ENOG4107RGH	505	75	0.300953516091	0.345649582837	1.15862068966
ENOG4105DHP	505	16	0.300953516091	0.310488676996	1.03262955854
ENOG4108IEH	504	20	0.300357568534	0.312276519666	1.04389312977
ENOG4105FEU	504	116	0.300357568534	0.369487485101	1.20322580645
ENOG4105CFU	502	23	0.299165673421	0.312872467223	1.04571428571
ENOG4105D92	501	80	0.298569725864	0.346245530393	1.14629948365
ENOG4105VPB	501	5	0.298569725864	0.301549463647	1.00988142292
ENOG4105P4J	501	52	0.298569725864	0.329558998808	1.09584086799
ENOG4107835	501	15	0.298569725864	0.307508939213	1.02906976744
ENOG4105C2W	500	400	0.297973778308	0.536352800954	1.74777777778
ENOG4108Z4T	500	10	0.297973778308	0.303933253874	1.01960784314
ENOG4108UJV	500	17	0.297973778308	0.30810488677	1.03481624758
ENOG4105CQ7	500	314	0.297973778308	0.485101311085	1.45823095823
ENOG4105C0D	500	212	0.297973778308	0.42431466031	1.44662921348
ENOG4105E0A	499	662	0.297377830751	0.69189511323	2.26184323859
ENOG4107RBQ	499	76	0.297377830751	0.342669845054	1.17043478261
ENOG41090A1	498	47	0.296781883194	0.324791418355	1.08623853211
ENOG4105CCT	498	13	0.296781883194	0.30452920143	1.0313111546
ENOG4105K5B	497	8	0.296185935638	0.300953516091	1.01584158416
ENOG4107QQB	497	11	0.296185935638	0.30274135876	1.02952755906
ENOG4105C8X	497	34	0.296185935638	0.316448152563	1.07532956685
ENOG4105F55	497	201	0.296185935638	0.415971394517	1.30945558739
ENOG4105EEX	497	121	0.296185935638	0.368295589988	1.33818770227
ENOG4105CW3	497	44	0.296185935638	0.322407628129	1.09611829945
ENOG4108JJ8	496	63	0.295589988081	0.333134684148	1.11806797853
ENOG4105E15	495	61	0.294994040524	0.331346841478	1.13309352518
ENOG4105D6Z	495	34	0.294994040524	0.315256257449	1.06427221172
ENOG4105D6S	495	9	0.294994040524	0.300357568534	1.01785714286
ENOG4105D4U	494	59	0.294398092968	0.329558998808	1.12296564195
ENOG4107RY0	493	16	0.293802145411	0.303337306317	1.03339882122
ENOG4105HFZ	492	43	0.293206197855	0.318831942789	1.08224299065
ENOG41067V7	492	6	0.293206197855	0.296781883194	1.0140562249
ENOG4105DCH	492	44	0.293206197855	0.319427890346	1.08768656716
ENOG4105MD7	492	23	0.293206197855	0.306912991657	1.04466019417
ENOG4105DZB	490	17	0.292014302741	0.302145411204	1.03747534517
ENOG4105D95	489	147	0.291418355185	0.379022646007	1.30660377358
ENOG4105WMR	489	64	0.291418355185	0.329558998808	1.13019891501
ENOG4105KEG	489	13	0.291418355185	0.299165673421	1.02589641434
ENOG4105VR5	489	49	0.291418355185	0.320619785459	1.13568773234
ENOG4105DGN	489	34	0.291418355185	0.31168057211	1.07648183556
ENOG4105UIB	489	195	0.291418355185	0.407628128725	1.45760233918
ENOG4105XJC	488	551	0.290822407628	0.619189511323	2.04619826756
ENOG4105EKE	488	13	0.290822407628	0.298569725864	1.02794411178
ENOG4108VJ1	488	29	0.290822407628	0.30810488677	1.06382978723
ENOG4105CHH	488	84	0.290822407628	0.340882002384	1.15909090909
ENOG4108YYC	488	135	0.290822407628	0.371275327771	1.27126805778
ENOG4105VW4	488	52	0.290822407628	0.321811680572	1.10185185185
ENOG4105EKD	487	175	0.290226460072	0.394517282479	1.42296072508
ENOG4105C32	486	236	0.289630512515	0.430274135876	1.53462603878
ENOG4106N3A	486	29	0.289630512515	0.306912991657	1.05631067961
ENOG4107QXN	486	32	0.289630512515	0.308700834327	1.06370656371
ENOG4105CUX	486	294	0.289630512515	0.46483909416	1.91794871795
ENOG4107ZCT	484	15	0.288438617402	0.297377830751	1.03006012024
ENOG4105M8F	484	39	0.288438617402	0.31168057211	1.09369024857
ENOG4105NWN	484	6	0.288438617402	0.292014302741	1.01224489796
ENOG4105DRC	483	140	0.287842669845	0.371275327771	1.27608346709
ENOG4105D7A	483	9	0.287842669845	0.293206197855	1.02235772358
ENOG4105CD9	483	25	0.287842669845	0.30274135876	1.06496062992
ENOG4105DKW	482	60	0.287246722288	0.323003575685	1.12177121771
ENOG4105EHG	481	596	0.286650774732	0.641835518474	2.05013927577
ENOG4105MQ3	481	24	0.286650774732	0.300953516091	1.04752475248
ENOG4105E4F	481	99	0.286650774732	0.345649582837	1.18620689655
ENOG4105DKJ	480	27	0.286054827175	0.302145411204	1.05917159763
ENOG4108JQ9	480	237	0.286054827175	0.427294398093	1.55648535565
ENOG4108Z8G	480	10	0.286054827175	0.292014302741	1.02040816327
ENOG4108YZA	480	533	0.286054827175	0.603694874851	1.60809476802
ENOG4108RWI	479	15	0.285458879619	0.294398092968	1.03441295547
ENOG4105CV6	479	17	0.285458879619	0.295589988081	1.03629032258
ENOG4108UQY	479	33	0.285458879619	0.305125148987	1.07421875
ENOG4107SC1	478	63	0.284862932062	0.322407628129	1.12199630314
ENOG4108Z5K	478	58	0.284862932062	0.319427890346	1.11567164179
ENOG4107QIJ	478	18	0.284862932062	0.295589988081	1.03830645161
ENOG4105DA4	477	99	0.284266984505	0.34326579261	1.17881944444
ENOG4105EV5	477	62	0.284266984505	0.321215733015	1.13543599258
ENOG41083MP	476	7	0.283671036949	0.287842669845	1.01449275362
ENOG4105D3Z	476	43	0.283671036949	0.309296781883	1.09633911368
ENOG4105DYV	475	223	0.283075089392	0.415971394517	1.53581661891
ENOG4105C7H	475	112	0.283075089392	0.349821215733	1.26235093697
ENOG4108UW5	474	194	0.282479141836	0.398092967819	1.44610778443
ENOG4105CF8	474	210	0.282479141836	0.407628128725	1.45321637427
ENOG4105C84	474	185	0.282479141836	0.392729439809	1.36722306525
ENOG4107W7W	474	74	0.282479141836	0.326579261025	1.13868613139
ENOG4105CF3	473	421	0.281883194279	0.532777115614	1.72483221477
ENOG4108HRN	473	38	0.281883194279	0.30452920143	1.08414872798
ENOG4105D7Q	473	409	0.281883194279	0.525625744934	1.72789115646
ENOG4105DCF	473	92	0.281883194279	0.336710369487	1.17522123894
ENOG4105C1X	473	66	0.281883194279	0.321215733015	1.13729128015
ENOG4108YZ9	472	29	0.281287246722	0.298569725864	1.0618762475
ENOG4105CFP	472	538	0.281287246722	0.601907032181	1.65643564356
ENOG4107R0I	472	7	0.281287246722	0.285458879619	1.01461377871
ENOG4107QYG	472	6	0.281287246722	0.284862932062	1.01255230126
ENOG4107RR9	472	68	0.281287246722	0.321811680572	1.13888888889
ENOG4105CVJ	470	63	0.280095351609	0.317640047676	1.13508442777
ENOG4105DAA	470	132	0.280095351609	0.358760429082	1.27408637874
ENOG4105DZ1	469	420	0.279499404052	0.529797377831	1.80764904387
ENOG4108RW0	469	9	0.279499404052	0.284862932062	1.01882845188
ENOG4105DPZ	469	553	0.279499404052	0.609058402861	2.30626223092
ENOG4105C2I	469	88	0.279499404052	0.331942789035	1.18491921005
ENOG4105D78	469	103	0.279499404052	0.340882002384	1.19405594406
ENOG4108ZW7	469	68	0.279499404052	0.320023837902	1.16014897579
ENOG4105D3A	469	70	0.279499404052	0.321215733015	1.14471243043
ENOG4108Z1F	468	6	0.278903456496	0.282479141836	1.01476793249
ENOG4105DWY	468	48	0.278903456496	0.307508939213	1.12984496124
ENOG4105CX4	468	11	0.278903456496	0.285458879619	1.02296450939
ENOG4108S0S	468	5	0.278903456496	0.281883194279	1.01268498943
ENOG4105DVK	467	13	0.278307508939	0.286054827175	1.02916666667
ENOG410903C	466	79	0.277711561383	0.324791418355	1.17064220183
ENOG4105D6T	465	160	0.277115613826	0.372467222884	1.3584
ENOG4105P9C	465	92	0.277115613826	0.331942789035	1.17055655296
ENOG4105E1Q	464	76	0.276519666269	0.321811680572	1.1537037037
ENOG4105DJQ	464	46	0.276519666269	0.303933253874	1.10784313725
